Chrom	Pos	Ref	Alt	Type	QUAL	Filter	Gene	Location	VCF_DP	VCF_AF	BAM_Cov	BAM_AF	BAM_Ref	BAM_Alt
DQ657948.1	72	G	A	SNV	28.7	PASS	DQ657948.1:1..295146,id-DQ657948.1:1..22469,id-DQ657948.1:57..149	genic	N/A	N/A	2079	0.269	521	192
DQ657948.1	78	G	A	SNV	37.5	PASS	DQ657948.1:1..295146,id-DQ657948.1:1..22469,id-DQ657948.1:57..149	genic	N/A	N/A	2113	0.712	566	1401
DQ657948.1	84	G	A	SNV	35.5	PASS	DQ657948.1:1..295146,id-DQ657948.1:1..22469,id-DQ657948.1:57..149	genic	N/A	N/A	2101	0.721	551	1422
DQ657948.1	90	G	A	SNV	36.0	PASS	DQ657948.1:1..295146,id-DQ657948.1:1..22469,id-DQ657948.1:57..149	genic	N/A	N/A	2114	0.720	558	1438
DQ657948.1	96	G	A	SNV	36.7	PASS	DQ657948.1:1..295146,id-DQ657948.1:1..22469,id-DQ657948.1:57..149	genic	N/A	N/A	2115	0.729	563	1512
DQ657948.1	114	G	A	SNV	36.0	PASS	DQ657948.1:1..295146,id-DQ657948.1:1..22469,id-DQ657948.1:57..149	genic	N/A	N/A	2136	0.706	589	1416
DQ657948.1	633	A	C	SNV	24.3	PASS	DQ657948.1:1..295146,id-DQ657948.1:1..22469,CyHV3_ORF1_1,ABG42832.1	coding	N/A	N/A	2191	0.333	1450	725
DQ657948.1	5685	A	C	SNV	22.5	PASS	DQ657948.1:1..295146,id-DQ657948.1:1..22469,CyHV3_ORF3_1,ABG42834.1	coding	N/A	N/A	3302	0.902	324	2970
DQ657948.1	7360	A	C	SNV	23.9	PASS	DQ657948.1:1..295146,id-DQ657948.1:1..22469	genic	N/A	N/A	3244	0.930	224	2997
DQ657948.1	8976	T	G	SNV	30.7	PASS	DQ657948.1:1..295146,id-DQ657948.1:1..22469,CyHV3_ORF5_1,ABG42836.1	coding	N/A	N/A	3099	0.911	275	2822
DQ657948.1	10583	C	T	SNV	20.2	PASS	DQ657948.1:1..295146,id-DQ657948.1:1..22469,CyHV3_ORF5_1	gene	N/A	N/A	1052	0.029	840	25
DQ657948.1	11887	T	C	SNV	21.7	PASS	DQ657948.1:1..295146,id-DQ657948.1:1..22469,CyHV3_ORF6_1,ABG42837.2	coding	N/A	N/A	2528	0.907	231	2289
DQ657948.1	13657	C	T	SNV	33.0	PASS	DQ657948.1:1..295146,id-DQ657948.1:1..22469,CyHV3_ORF6_1,ABG42837.2	coding	N/A	N/A	2041	0.817	370	1655
DQ657948.1	16453	G	A	SNV	31.2	PASS	DQ657948.1:1..295146,id-DQ657948.1:1..22469,CyHV3_ORF8_1,CyHV3_ORF7_1,ABG42838.1	coding	N/A	N/A	1936	0.003	1930	5
DQ657948.1	16491	C	T	SNV	22.0	PASS	DQ657948.1:1..295146,id-DQ657948.1:1..22469,CyHV3_ORF8_1,CyHV3_ORF7_1,ABG42838.1	coding	N/A	N/A	3105	0.902	303	2800
DQ657948.1	16569	C	G	SNV	27.8	PASS	DQ657948.1:1..295146,id-DQ657948.1:1..22469,CyHV3_ORF8_1,CyHV3_ORF7_1,ABG42838.1	coding	N/A	N/A	3141	0.849	474	2664
DQ657948.1	18035	C	T	SNV	32.1	PASS	DQ657948.1:1..295146,id-DQ657948.1:1..22469,CyHV3_ORF8_1,ABG42839.1	coding	N/A	N/A	2654	0.857	378	2274
DQ657948.1	19111	A	G	SNV	20.9	PASS	DQ657948.1:1..295146,id-DQ657948.1:1..22469	genic	N/A	N/A	3097	0.903	296	2772
DQ657948.1	19160	G	T	SNV	26.3	PASS	DQ657948.1:1..295146,id-DQ657948.1:1..22469	genic	N/A	N/A	3126	0.873	393	2722
DQ657948.1	20645	G	C	SNV	21.1	PASS	DQ657948.1:1..295146,id-DQ657948.1:1..22469	genic	N/A	N/A	2268	0.850	329	1925
DQ657948.1	24112	A	G	SNV	21.1	PASS	DQ657948.1:1..295146,CyHV3_ORF9,ABG42840.1	coding	N/A	N/A	2274	0.884	264	2005
DQ657948.1	26186	T	C	SNV	35.2	PASS	DQ657948.1:1..295146,CyHV3_ORF10,ABG42841.1	coding	N/A	N/A	N/A	N/A	N/A	N/A
DQ657948.1	27167	T	G	SNV	33.5	PASS	DQ657948.1:1..295146,CyHV3_ORF10,ABG42841.1	coding	N/A	N/A	2761	0.937	174	2583
DQ657948.1	27761	G	A	SNV	21.5	PASS	DQ657948.1:1..295146,CyHV3_ORF10,ABG42841.1	coding	N/A	N/A	2022	0.910	181	1839
DQ657948.1	28157	A	C	SNV	29.4	PASS	DQ657948.1:1..295146,CyHV3_ORF10,ABG42841.1	coding	N/A	N/A	2245	0.942	130	2109
DQ657948.1	28350	A	G	SNV	24.8	PASS	DQ657948.1:1..295146,CyHV3_ORF10,ABG42841.1	coding	N/A	N/A	N/A	N/A	N/A	N/A
DQ657948.1	36150	A	G	SNV	22.5	PASS	DQ657948.1:1..295146,CyHV3_ORF18,ABG42849.1	coding	N/A	N/A	N/A	N/A	N/A	N/A
DQ657948.1	39586	T	C	SNV	35.4	PASS	DQ657948.1:1..295146,CyHV3_ORF21,ABG42852.1	coding	N/A	N/A	N/A	N/A	N/A	N/A
DQ657948.1	41679	T	C	SNV	34.1	PASS	DQ657948.1:1..295146,CyHV3_ORF21,CyHV3_ORF22,ABG42853.1	coding	N/A	N/A	N/A	N/A	N/A	N/A
DQ657948.1	41874	C	G	SNV	33.8	PASS	DQ657948.1:1..295146,CyHV3_ORF21,CyHV3_ORF22,ABG42853.1	coding	N/A	N/A	N/A	N/A	N/A	N/A
DQ657948.1	45745	C	T	SNV	23.5	PASS	DQ657948.1:1..295146,CyHV3_ORF25,ABG42856.1	coding	N/A	N/A	N/A	N/A	N/A	N/A
DQ657948.1	45947	C	G	SNV	26.0	PASS	DQ657948.1:1..295146,CyHV3_ORF25,ABG42856.1	coding	N/A	N/A	N/A	N/A	N/A	N/A
DQ657948.1	49333	A	C	SNV	29.2	PASS	DQ657948.1:1..295146,CyHV3_ORF27	gene	N/A	N/A	N/A	N/A	N/A	N/A
DQ657948.1	49342	T	C	SNV	20.5	PASS	DQ657948.1:1..295146,CyHV3_ORF27	gene	N/A	N/A	N/A	N/A	N/A	N/A
DQ657948.1	53301	C	T	SNV	28.7	PASS	DQ657948.1:1..295146,CyHV3_ORF30,AFD97200.1	coding	N/A	N/A	N/A	N/A	N/A	N/A
DQ657948.1	55929	A	G	SNV	24.1	PASS	DQ657948.1:1..295146,CyHV3_ORF33,ABG42861.2	coding	N/A	N/A	N/A	N/A	N/A	N/A
DQ657948.1	57430	T	C	SNV	32.8	PASS	DQ657948.1:1..295146,CyHV3_ORF33,CyHV3_ORF34,CyHV3_ORF35,ABG42863.1	coding	N/A	N/A	N/A	N/A	N/A	N/A
DQ657948.1	59663	A	G	SNV	21.2	PASS	DQ657948.1:1..295146,CyHV3_ORF33,CyHV3_ORF39,ABG42867.1	coding	N/A	N/A	N/A	N/A	N/A	N/A
DQ657948.1	61136	T	C	SNV	34.9	PASS	DQ657948.1:1..295146,CyHV3_ORF33,CyHV3_ORF41,ABG42868.1	coding	N/A	N/A	N/A	N/A	N/A	N/A
DQ657948.1	66685	T	C	SNV	22.9	PASS	DQ657948.1:1..295146,CyHV3_ORF33,CyHV3_ORF42,ABG42869.1	coding	N/A	N/A	N/A	N/A	N/A	N/A
DQ657948.1	68804	C	T	SNV	29.2	PASS	DQ657948.1:1..295146,CyHV3_ORF33,CyHV3_ORF42,ABG42869.1	coding	N/A	N/A	N/A	N/A	N/A	N/A
DQ657948.1	71621	T	C	SNV	36.6	PASS	DQ657948.1:1..295146,CyHV3_ORF33,CyHV3_ORF43,ABG42870.1	coding	N/A	N/A	N/A	N/A	N/A	N/A
DQ657948.1	73226	T	C	SNV	20.8	PASS	DQ657948.1:1..295146,CyHV3_ORF33,CyHV3_ORF43,ABG42870.1	coding	N/A	N/A	N/A	N/A	N/A	N/A
DQ657948.1	76115	C	G	SNV	25.8	PASS	DQ657948.1:1..295146,CyHV3_ORF33,CyHV3_ORF44,CyHV3_ORF45,ABG42872.1	coding	N/A	N/A	N/A	N/A	N/A	N/A
DQ657948.1	78618	T	C	SNV	27.5	PASS	DQ657948.1:1..295146,CyHV3_ORF33,CyHV3_ORF44,CyHV3_ORF45,CyHV3_ORF46,ABG42873.1	coding	N/A	N/A	N/A	N/A	N/A	N/A
DQ657948.1	81788	G	A	SNV	35.7	PASS	DQ657948.1:1..295146,CyHV3_ORF33,CyHV3_ORF44,CyHV3_ORF45,CyHV3_ORF46,CyHV3_ORF47,CyHV3_ORF48,ABG42875.1	coding	N/A	N/A	N/A	N/A	N/A	N/A
DQ657948.1	84062	C	A	SNV	29.2	PASS	DQ657948.1:1..295146,CyHV3_ORF33,ABG42861.2	coding	N/A	N/A	N/A	N/A	N/A	N/A
DQ657948.1	85567	A	C	SNV	26.4	PASS	DQ657948.1:1..295146,CyHV3_ORF49,CyHV3_ORF51,CyHV3_ORF50,ABG42877.1	coding	N/A	N/A	N/A	N/A	N/A	N/A
DQ657948.1	86721	G	T	SNV	30.1	PASS	DQ657948.1:1..295146,CyHV3_ORF49,CyHV3_ORF51,ABG42878.1	coding	N/A	N/A	N/A	N/A	N/A	N/A
DQ657948.1	87301	T	C	SNV	37.2	PASS	DQ657948.1:1..295146,CyHV3_ORF49,CyHV3_ORF51,ABG42878.1	coding	N/A	N/A	N/A	N/A	N/A	N/A
DQ657948.1	89666	A	G	SNV	34.1	PASS	DQ657948.1:1..295146,CyHV3_ORF49,CyHV3_ORF51,ABG42878.1	coding	N/A	N/A	N/A	N/A	N/A	N/A
DQ657948.1	90973	A	T	SNV	25.1	PASS	DQ657948.1:1..295146,CyHV3_ORF49,CyHV3_ORF52,ABG42879.1	coding	N/A	N/A	N/A	N/A	N/A	N/A
DQ657948.1	90985	A	T	SNV	29.9	PASS	DQ657948.1:1..295146,CyHV3_ORF49,CyHV3_ORF52,ABG42879.1	coding	N/A	N/A	N/A	N/A	N/A	N/A
DQ657948.1	91009	T	A	SNV	26.0	PASS	DQ657948.1:1..295146,CyHV3_ORF49,CyHV3_ORF52,ABG42879.1	coding	N/A	N/A	N/A	N/A	N/A	N/A
DQ657948.1	91057	T	A	SNV	25.3	PASS	DQ657948.1:1..295146,CyHV3_ORF49,CyHV3_ORF52,ABG42879.1	coding	N/A	N/A	N/A	N/A	N/A	N/A
DQ657948.1	91081	T	A	SNV	27.0	PASS	DQ657948.1:1..295146,CyHV3_ORF49,CyHV3_ORF52,ABG42879.1	coding	N/A	N/A	N/A	N/A	N/A	N/A
DQ657948.1	92277	G	A	SNV	42.4	PASS	DQ657948.1:1..295146,CyHV3_ORF53,ABG42880.1	coding	N/A	N/A	N/A	N/A	N/A	N/A
DQ657948.1	93255	C	T	SNV	23.7	PASS	DQ657948.1:1..295146,CyHV3_ORF53,ABG42880.1	coding	N/A	N/A	N/A	N/A	N/A	N/A
DQ657948.1	96469	G	A	SNV	36.1	PASS	DQ657948.1:1..295146,CyHV3_ORF55,ABG42882.1	coding	N/A	N/A	N/A	N/A	N/A	N/A
DQ657948.1	98473	C	G	SNV	26.0	PASS	DQ657948.1:1..295146,CyHV3_ORF56,ABG42883.2	coding	N/A	N/A	N/A	N/A	N/A	N/A
DQ657948.1	104198	T	C	SNV	27.1	PASS	DQ657948.1:1..295146,CyHV3_ORF61,ABG42888.1	coding	N/A	N/A	N/A	N/A	N/A	N/A
DQ657948.1	104210	C	T	SNV	29.4	PASS	DQ657948.1:1..295146,CyHV3_ORF61,ABG42888.1	coding	N/A	N/A	N/A	N/A	N/A	N/A
DQ657948.1	104341	G	T	SNV	33.7	PASS	DQ657948.1:1..295146,CyHV3_ORF61,ABG42888.1	coding	N/A	N/A	N/A	N/A	N/A	N/A
DQ657948.1	104976	C	G	SNV	34.9	PASS	DQ657948.1:1..295146,CyHV3_ORF61,ABG42888.1	coding	N/A	N/A	N/A	N/A	N/A	N/A
DQ657948.1	105849	C	T	SNV	31.7	PASS	DQ657948.1:1..295146,CyHV3_ORF61,ABG42888.1	coding	N/A	N/A	N/A	N/A	N/A	N/A
DQ657948.1	106988	T	C	SNV	30.7	PASS	DQ657948.1:1..295146,CyHV3_ORF62,ABG42889.1	coding	N/A	N/A	N/A	N/A	N/A	N/A
DQ657948.1	114209	C	G	SNV	25.6	PASS	DQ657948.1:1..295146,CyHV3_ORF62,ABG42889.1	coding	N/A	N/A	N/A	N/A	N/A	N/A
DQ657948.1	114720	T	C	SNV	35.2	PASS	DQ657948.1:1..295146,CyHV3_ORF62,ABG42889.1	coding	N/A	N/A	N/A	N/A	N/A	N/A
DQ657948.1	115838	C	A	SNV	27.1	PASS	DQ657948.1:1..295146,CyHV3_ORF62,ABG42889.1	coding	N/A	N/A	N/A	N/A	N/A	N/A
DQ657948.1	117746	C	G	SNV	27.5	PASS	DQ657948.1:1..295146,CyHV3_ORF62,ABG42889.1	coding	N/A	N/A	N/A	N/A	N/A	N/A
DQ657948.1	118391	T	C	SNV	24.6	PASS	DQ657948.1:1..295146,CyHV3_ORF62,ABG42889.1	coding	N/A	N/A	N/A	N/A	N/A	N/A
DQ657948.1	118677	C	A	SNV	32.4	PASS	DQ657948.1:1..295146,CyHV3_ORF63,ABG42890.1	coding	N/A	N/A	N/A	N/A	N/A	N/A
DQ657948.1	120009	G	C	SNV	27.1	PASS	DQ657948.1:1..295146,CyHV3_ORF64,ABG42891.1	coding	N/A	N/A	N/A	N/A	N/A	N/A
DQ657948.1	120011	T	C	SNV	27.0	PASS	DQ657948.1:1..295146,CyHV3_ORF64,ABG42891.1	coding	N/A	N/A	N/A	N/A	N/A	N/A
DQ657948.1	120015	G	A	SNV	40.4	PASS	DQ657948.1:1..295146,CyHV3_ORF64,ABG42891.1	coding	N/A	N/A	N/A	N/A	N/A	N/A
DQ657948.1	120017	G	C,A	INS	21.3	PASS	DQ657948.1:1..295146,CyHV3_ORF64,ABG42891.1	coding	N/A	N/A	N/A	N/A	N/A	N/A
DQ657948.1	120019	G	A	SNV	32.4	PASS	DQ657948.1:1..295146,CyHV3_ORF64,ABG42891.1	coding	N/A	N/A	N/A	N/A	N/A	N/A
DQ657948.1	120022	C	G	SNV	33.8	PASS	DQ657948.1:1..295146,CyHV3_ORF64,ABG42891.1	coding	N/A	N/A	N/A	N/A	N/A	N/A
DQ657948.1	120026	C	T	SNV	30.2	PASS	DQ657948.1:1..295146,CyHV3_ORF64,ABG42891.1	coding	N/A	N/A	N/A	N/A	N/A	N/A
DQ657948.1	120031	C	T	SNV	31.1	PASS	DQ657948.1:1..295146,CyHV3_ORF64,ABG42891.1	coding	N/A	N/A	N/A	N/A	N/A	N/A
DQ657948.1	121712	T	C	SNV	26.1	PASS	DQ657948.1:1..295146,CyHV3_ORF64,ABG42891.1	coding	N/A	N/A	N/A	N/A	N/A	N/A
DQ657948.1	121735	G	A	SNV	20.5	PASS	DQ657948.1:1..295146,CyHV3_ORF64,ABG42891.1	coding	N/A	N/A	N/A	N/A	N/A	N/A
DQ657948.1	122508	A	G	SNV	29.4	PASS	DQ657948.1:1..295146,CyHV3_ORF65,ABG42892.1	coding	N/A	N/A	N/A	N/A	N/A	N/A
DQ657948.1	123231	C	T	SNV	22.1	PASS	DQ657948.1:1..295146,CyHV3_ORF65,ABG42892.1	coding	N/A	N/A	N/A	N/A	N/A	N/A
DQ657948.1	125116	T	C	SNV	21.4	PASS	DQ657948.1:1..295146,CyHV3_ORF69,CyHV3_ORF68,CyHV3_ORF67,CyHV3_ORF66,ABG42893.1	coding	N/A	N/A	N/A	N/A	N/A	N/A
DQ657948.1	125136	A	G	SNV	31.8	PASS	DQ657948.1:1..295146,CyHV3_ORF69,CyHV3_ORF68,CyHV3_ORF67,CyHV3_ORF66,ABG42893.1	coding	N/A	N/A	N/A	N/A	N/A	N/A
DQ657948.1	126809	A	G	SNV	29.5	PASS	DQ657948.1:1..295146,CyHV3_ORF69,CyHV3_ORF68,ABG42895.1	coding	N/A	N/A	N/A	N/A	N/A	N/A
DQ657948.1	126827	A	G	SNV	40.9	PASS	DQ657948.1:1..295146,CyHV3_ORF69,CyHV3_ORF68,ABG42895.1	coding	N/A	N/A	N/A	N/A	N/A	N/A
DQ657948.1	128258	T	G	SNV	29.9	PASS	DQ657948.1:1..295146,CyHV3_ORF69,CyHV3_ORF68,ABG42895.1	coding	N/A	N/A	N/A	N/A	N/A	N/A
DQ657948.1	129593	A	G	SNV	34.0	PASS	DQ657948.1:1..295146,CyHV3_ORF69,CyHV3_ORF68,ABG42895.1	coding	N/A	N/A	N/A	N/A	N/A	N/A
DQ657948.1	130214	A	G	SNV	29.4	PASS	DQ657948.1:1..295146,CyHV3_ORF69,CyHV3_ORF68,ABG42895.1	coding	N/A	N/A	N/A	N/A	N/A	N/A
DQ657948.1	130242	A	G	SNV	33.5	PASS	DQ657948.1:1..295146,CyHV3_ORF69,CyHV3_ORF68,ABG42895.1	coding	N/A	N/A	N/A	N/A	N/A	N/A
DQ657948.1	131402	T	G	SNV	27.6	PASS	DQ657948.1:1..295146,CyHV3_ORF69,CyHV3_ORF68,ABG42895.1	coding	N/A	N/A	N/A	N/A	N/A	N/A
DQ657948.1	131437	T	C	SNV	23.3	PASS	DQ657948.1:1..295146,CyHV3_ORF69,CyHV3_ORF68,ABG42895.1	coding	N/A	N/A	2556	0.010	2527	25
DQ657948.1	132891	T	C	SNV	23.1	PASS	DQ657948.1:1..295146,CyHV3_ORF69,ABG42896.1,CyHV3_ORF68,ABG42895.1	coding	N/A	N/A	2947	0.929	206	2727
DQ657948.1	136564	A	G	SNV	30.6	PASS	DQ657948.1:1..295146,CyHV3_ORF70,CyHV3_ORF71,ABG42898.1	coding	N/A	N/A	2291	0.067	2115	153
DQ657948.1	137910	T	C	SNV	29.5	PASS	DQ657948.1:1..295146,CyHV3_ORF70,CyHV3_ORF71	gene	N/A	N/A	2590	0.950	126	2461
DQ657948.1	138398	G	A	SNV	35.8	PASS	DQ657948.1:1..295146,CyHV3_ORF70,CyHV3_ORF71,CyHV3_ORF72,ABG42899.1	coding	N/A	N/A	2614	0.941	153	2454
DQ657948.1	139563	A	G	SNV	40.0	PASS	DQ657948.1:1..295146,CyHV3_ORF76,CyHV3_ORF74,ABG42901.1	coding	N/A	N/A	2728	0.960	110	2615
DQ657948.1	140827	G	C	SNV	22.3	PASS	DQ657948.1:1..295146,CyHV3_ORF76,ABG42903.1,CyHV3_ORF75	coding	N/A	N/A	2406	0.939	146	2259
DQ657948.1	142836	T	C	SNV	33.1	PASS	DQ657948.1:1..295146,CyHV3_ORF75,CyHV3_ORF77,CyHV3_ORF78,ABG42905.1	coding	N/A	N/A	N/A	N/A	N/A	N/A
DQ657948.1	143521	A	G	SNV	21.6	PASS	DQ657948.1:1..295146,CyHV3_ORF75,CyHV3_ORF77,CyHV3_ORF78,ABG42905.1	coding	N/A	N/A	N/A	N/A	N/A	N/A
DQ657948.1	143522	A	G	SNV	20.8	PASS	DQ657948.1:1..295146,CyHV3_ORF75,CyHV3_ORF77,CyHV3_ORF78,ABG42905.1	coding	N/A	N/A	N/A	N/A	N/A	N/A
DQ657948.1	143530	C	G	SNV	24.5	PASS	DQ657948.1:1..295146,CyHV3_ORF75,CyHV3_ORF77,CyHV3_ORF78,ABG42905.1	coding	N/A	N/A	N/A	N/A	N/A	N/A
DQ657948.1	143554	C	G	SNV	22.2	PASS	DQ657948.1:1..295146,CyHV3_ORF75,CyHV3_ORF77,CyHV3_ORF78,ABG42905.1	coding	N/A	N/A	N/A	N/A	N/A	N/A
DQ657948.1	145032	C	G	SNV	23.2	PASS	DQ657948.1:1..295146,CyHV3_ORF79,ABG42906.1	coding	N/A	N/A	N/A	N/A	N/A	N/A
DQ657948.1	148599	A	G	SNV	20.9	PASS	DQ657948.1:1..295146,CyHV3_ORF79,ABG42906.1	coding	N/A	N/A	N/A	N/A	N/A	N/A
DQ657948.1	149124	A	G	SNV	22.0	PASS	DQ657948.1:1..295146,CyHV3_ORF79,ABG42906.1	coding	N/A	N/A	N/A	N/A	N/A	N/A
DQ657948.1	152615	A	G	SNV	35.8	PASS	DQ657948.1:1..295146,CyHV3_ORF83,CyHV3_ORF82,ABG42909.1	coding	N/A	N/A	N/A	N/A	N/A	N/A
DQ657948.1	153294	G	T	SNV	30.1	PASS	DQ657948.1:1..295146,CyHV3_ORF83,ABG42910.1	coding	N/A	N/A	N/A	N/A	N/A	N/A
DQ657948.1	153862	A	G	SNV	31.1	PASS	DQ657948.1:1..295146,CyHV3_ORF85,CyHV3_ORF84,ABG42911.1	coding	N/A	N/A	N/A	N/A	N/A	N/A
DQ657948.1	154924	C	G	SNV	21.8	PASS	DQ657948.1:1..295146,CyHV3_ORF85,CyHV3_ORF84,ABG42911.1	coding	N/A	N/A	N/A	N/A	N/A	N/A
DQ657948.1	158430	A	G	SNV	24.5	PASS	DQ657948.1:1..295146,CyHV3_ORF87,ABG42914.1	coding	N/A	N/A	N/A	N/A	N/A	N/A
DQ657948.1	158954	G	C	SNV	26.1	PASS	DQ657948.1:1..295146,CyHV3_ORF87,ABG42914.1	coding	N/A	N/A	N/A	N/A	N/A	N/A
DQ657948.1	159674	T	C	SNV	34.9	PASS	DQ657948.1:1..295146,CyHV3_ORF87,ABG42914.1	coding	N/A	N/A	N/A	N/A	N/A	N/A
DQ657948.1	159677	T	C	SNV	33.0	PASS	DQ657948.1:1..295146,CyHV3_ORF87,ABG42914.1	coding	N/A	N/A	N/A	N/A	N/A	N/A
DQ657948.1	160542	A	G	SNV	31.4	PASS	DQ657948.1:1..295146,CyHV3_ORF87,ABG42914.1	coding	N/A	N/A	N/A	N/A	N/A	N/A
DQ657948.1	161340	T	C	SNV	24.3	PASS	DQ657948.1:1..295146,CyHV3_ORF88,ABG42915.1	coding	N/A	N/A	N/A	N/A	N/A	N/A
DQ657948.1	162597	T	C	SNV	23.6	PASS	DQ657948.1:1..295146,CyHV3_ORF88,ABG42915.1	coding	N/A	N/A	N/A	N/A	N/A	N/A
DQ657948.1	163719	G	A	SNV	22.4	PASS	DQ657948.1:1..295146,CyHV3_ORF88,ABG42915.1	coding	N/A	N/A	N/A	N/A	N/A	N/A
DQ657948.1	164071	T	G	SNV	32.0	PASS	DQ657948.1:1..295146,CyHV3_ORF89,ABG42916.1	coding	N/A	N/A	N/A	N/A	N/A	N/A
DQ657948.1	164073	C	T	SNV	29.6	PASS	DQ657948.1:1..295146,CyHV3_ORF89,ABG42916.1	coding	N/A	N/A	N/A	N/A	N/A	N/A
DQ657948.1	164080	G	A	SNV	31.6	PASS	DQ657948.1:1..295146,CyHV3_ORF89,ABG42916.1	coding	N/A	N/A	N/A	N/A	N/A	N/A
DQ657948.1	164089	A	G	SNV	35.7	PASS	DQ657948.1:1..295146,CyHV3_ORF89,ABG42916.1	coding	N/A	N/A	N/A	N/A	N/A	N/A
DQ657948.1	164113	C	G	SNV	31.0	PASS	DQ657948.1:1..295146,CyHV3_ORF89,ABG42916.1	coding	N/A	N/A	N/A	N/A	N/A	N/A
DQ657948.1	164115	G	A	SNV	35.0	PASS	DQ657948.1:1..295146,CyHV3_ORF89,ABG42916.1	coding	N/A	N/A	N/A	N/A	N/A	N/A
DQ657948.1	164116	G	A	SNV	35.1	PASS	DQ657948.1:1..295146,CyHV3_ORF89,ABG42916.1	coding	N/A	N/A	N/A	N/A	N/A	N/A
DQ657948.1	164118	T	C	SNV	33.8	PASS	DQ657948.1:1..295146,CyHV3_ORF89,ABG42916.1	coding	N/A	N/A	N/A	N/A	N/A	N/A
DQ657948.1	164122	G	A	SNV	32.2	PASS	DQ657948.1:1..295146,CyHV3_ORF89,ABG42916.1	coding	N/A	N/A	N/A	N/A	N/A	N/A
DQ657948.1	164387	G	A	SNV	32.1	PASS	DQ657948.1:1..295146,CyHV3_ORF89,ABG42916.1	coding	N/A	N/A	N/A	N/A	N/A	N/A
DQ657948.1	167704	G	A	SNV	26.8	PASS	DQ657948.1:1..295146,CyHV3_ORF90,ABG42917.1	coding	N/A	N/A	N/A	N/A	N/A	N/A
DQ657948.1	167705	C	A	SNV	29.3	PASS	DQ657948.1:1..295146,CyHV3_ORF90,ABG42917.1	coding	N/A	N/A	N/A	N/A	N/A	N/A
DQ657948.1	169838	A	C	SNV	27.9	PASS	DQ657948.1:1..295146,CyHV3_ORF91,CyHV3_ORF92,ABG42919.1	coding	N/A	N/A	N/A	N/A	N/A	N/A
DQ657948.1	170887	A	G	SNV	40.6	PASS	DQ657948.1:1..295146,CyHV3_ORF91,CyHV3_ORF92,ABG42919.1	coding	N/A	N/A	N/A	N/A	N/A	N/A
DQ657948.1	177344	T	C	SNV	32.7	PASS	DQ657948.1:1..295146,CyHV3_ORF97,CyHV3_ORF96,ABG42923.1	coding	N/A	N/A	N/A	N/A	N/A	N/A
DQ657948.1	177473	T	C	SNV	37.9	PASS	DQ657948.1:1..295146,CyHV3_ORF97,CyHV3_ORF96,ABG42923.1	coding	N/A	N/A	N/A	N/A	N/A	N/A
DQ657948.1	178032	T	C	SNV	37.3	PASS	DQ657948.1:1..295146,CyHV3_ORF97,ABG42924.1	coding	N/A	N/A	N/A	N/A	N/A	N/A
DQ657948.1	180276	A	G	SNV	20.7	PASS	DQ657948.1:1..295146,CyHV3_ORF97,ABG42924.1	coding	N/A	N/A	N/A	N/A	N/A	N/A
DQ657948.1	182952	G	A	SNV	33.3	PASS	DQ657948.1:1..295146,CyHV3_ORF99,ABG42926.1	coding	N/A	N/A	N/A	N/A	N/A	N/A
DQ657948.1	189170	T	C	SNV	24.2	PASS	DQ657948.1:1..295146,CyHV3_ORF101,ABG42928.1	coding	N/A	N/A	N/A	N/A	N/A	N/A
DQ657948.1	196392	G	T	SNV	26.4	PASS	DQ657948.1:1..295146,CyHV3_ORF105,CyHV3_ORF106,CyHV3_ORF107,ABG42934.1	coding	N/A	N/A	N/A	N/A	N/A	N/A
DQ657948.1	199932	T	C	SNV	32.0	PASS	DQ657948.1:1..295146,CyHV3_ORF105,CyHV3_ORF106,CyHV3_ORF107,ABG42934.1	coding	N/A	N/A	N/A	N/A	N/A	N/A
DQ657948.1	199944	T	C	SNV	32.3	PASS	DQ657948.1:1..295146,CyHV3_ORF105,CyHV3_ORF106,CyHV3_ORF107,ABG42934.1	coding	N/A	N/A	N/A	N/A	N/A	N/A
DQ657948.1	201620	A	G	SNV	26.3	PASS	DQ657948.1:1..295146,CyHV3_ORF108,ABG42935.1	coding	N/A	N/A	N/A	N/A	N/A	N/A
DQ657948.1	201774	G	A	SNV	26.0	PASS	DQ657948.1:1..295146,CyHV3_ORF108,ABG42935.1	coding	N/A	N/A	N/A	N/A	N/A	N/A
DQ657948.1	202862	A	G	SNV	21.2	PASS	DQ657948.1:1..295146,CyHV3_ORF110,ABG42937.1	coding	N/A	N/A	N/A	N/A	N/A	N/A
DQ657948.1	203701	T	C	SNV	20.3	PASS	DQ657948.1:1..295146,CyHV3_ORF110,CyHV3_ORF111,ABG42938.1	coding	N/A	N/A	N/A	N/A	N/A	N/A
DQ657948.1	203787	T	C	SNV	20.1	PASS	DQ657948.1:1..295146,CyHV3_ORF110,CyHV3_ORF111,ABG42938.1	coding	N/A	N/A	N/A	N/A	N/A	N/A
DQ657948.1	204742	G	A	SNV	20.2	PASS	DQ657948.1:1..295146,CyHV3_ORF110,CyHV3_ORF111,ABG42938.1	coding	N/A	N/A	N/A	N/A	N/A	N/A
DQ657948.1	206031	T	C	SNV	27.8	PASS	DQ657948.1:1..295146,CyHV3_ORF110,CyHV3_ORF111,CyHV3_ORF112,CyHV3_ORF113,ABG42940.1	coding	N/A	N/A	N/A	N/A	N/A	N/A
DQ657948.1	206887	T	C	SNV	33.1	PASS	DQ657948.1:1..295146,CyHV3_ORF110,CyHV3_ORF111,CyHV3_ORF112,CyHV3_ORF113,ABG42940.1	coding	N/A	N/A	N/A	N/A	N/A	N/A
DQ657948.1	207192	A	T	SNV	32.3	PASS	DQ657948.1:1..295146,CyHV3_ORF110,CyHV3_ORF111,CyHV3_ORF112,CyHV3_ORF113	gene	N/A	N/A	N/A	N/A	N/A	N/A
DQ657948.1	208830	A	G	SNV	28.2	PASS	DQ657948.1:1..295146,CyHV3_ORF115,ABG42942.1	coding	N/A	N/A	N/A	N/A	N/A	N/A
DQ657948.1	209218	G	A	SNV	31.2	PASS	DQ657948.1:1..295146,CyHV3_ORF115,ABG42942.1	coding	N/A	N/A	N/A	N/A	N/A	N/A
DQ657948.1	209490	C	T	SNV	34.3	PASS	DQ657948.1:1..295146,CyHV3_ORF115,ABG42942.1	coding	N/A	N/A	N/A	N/A	N/A	N/A
DQ657948.1	211992	C	T	SNV	28.7	PASS	DQ657948.1:1..295146,CyHV3_ORF118,ABG42945.1	coding	N/A	N/A	N/A	N/A	N/A	N/A
DQ657948.1	212124	T	C	SNV	23.6	PASS	DQ657948.1:1..295146,CyHV3_ORF118,ABG42945.1	coding	N/A	N/A	N/A	N/A	N/A	N/A
DQ657948.1	212374	G	A	SNV	25.1	PASS	DQ657948.1:1..295146,CyHV3_ORF118,ABG42945.1	coding	N/A	N/A	N/A	N/A	N/A	N/A
DQ657948.1	217849	T	C	SNV	31.8	PASS	DQ657948.1:1..295146,CyHV3_ORF124,ABG42951.1	coding	N/A	N/A	N/A	N/A	N/A	N/A
DQ657948.1	218111	A	G	SNV	39.8	PASS	DQ657948.1:1..295146,CyHV3_ORF124,ABG42951.1	coding	N/A	N/A	N/A	N/A	N/A	N/A
DQ657948.1	218572	C	T	SNV	28.4	PASS	DQ657948.1:1..295146	genic	N/A	N/A	N/A	N/A	N/A	N/A
DQ657948.1	219666	C	T	SNV	36.5	PASS	DQ657948.1:1..295146,CyHV3_ORF125,CyHV3_ORF126,ABG42953.1	coding	N/A	N/A	N/A	N/A	N/A	N/A
DQ657948.1	221432	T	C	SNV	30.1	PASS	DQ657948.1:1..295146,CyHV3_ORF129,CyHV3_ORF128,ABG42955.1	coding	N/A	N/A	N/A	N/A	N/A	N/A
DQ657948.1	223517	C	G	SNV	26.5	PASS	DQ657948.1:1..295146,CyHV3_ORF129,ABG42956.1	coding	N/A	N/A	N/A	N/A	N/A	N/A
DQ657948.1	223756	G	A	SNV	35.5	PASS	DQ657948.1:1..295146	genic	N/A	N/A	N/A	N/A	N/A	N/A
DQ657948.1	226228	T	C	SNV	34.7	PASS	DQ657948.1:1..295146,CyHV3_ORF131,ABG42958.2	coding	N/A	N/A	N/A	N/A	N/A	N/A
DQ657948.1	227981	T	C	SNV	29.2	PASS	DQ657948.1:1..295146	genic	N/A	N/A	N/A	N/A	N/A	N/A
DQ657948.1	228195	C	T	SNV	39.3	PASS	DQ657948.1:1..295146	genic	N/A	N/A	N/A	N/A	N/A	N/A
DQ657948.1	228321	C	T	SNV	26.9	PASS	DQ657948.1:1..295146,CyHV3_ORF133,ABG42960.1	coding	N/A	N/A	N/A	N/A	N/A	N/A
DQ657948.1	228595	G	A	SNV	24.5	PASS	DQ657948.1:1..295146,CyHV3_ORF133,ABG42960.1	coding	N/A	N/A	N/A	N/A	N/A	N/A
DQ657948.1	229060	C	G	SNV	28.4	PASS	DQ657948.1:1..295146,CyHV3_ORF133,ABG42960.1	coding	N/A	N/A	N/A	N/A	N/A	N/A
DQ657948.1	232823	G	A	SNV	33.8	PASS	DQ657948.1:1..295146,CyHV3_ORF138,CyHV3_ORF137,ABG42964.1	coding	N/A	N/A	N/A	N/A	N/A	N/A
DQ657948.1	233172	C	A	SNV	26.1	PASS	DQ657948.1:1..295146,CyHV3_ORF138,CyHV3_ORF137,ABG42964.1	coding	N/A	N/A	N/A	N/A	N/A	N/A
DQ657948.1	243916	T	C	SNV	28.6	PASS	DQ657948.1:1..295146,CyHV3_ORF141,ABG42968.1	coding	N/A	N/A	N/A	N/A	N/A	N/A
DQ657948.1	246123	C	T	SNV	25.3	PASS	DQ657948.1:1..295146	genic	N/A	N/A	N/A	N/A	N/A	N/A
DQ657948.1	247652	C	G	SNV	31.0	PASS	DQ657948.1:1..295146,CyHV3_ORF144,CyHV3_ORF143,ABG42970.1	coding	N/A	N/A	N/A	N/A	N/A	N/A
DQ657948.1	248841	A	C	SNV	26.6	PASS	DQ657948.1:1..295146,CyHV3_ORF144,ABG42971.1	coding	N/A	N/A	N/A	N/A	N/A	N/A
DQ657948.1	249297	G	A	SNV	23.9	PASS	DQ657948.1:1..295146,CyHV3_ORF145,ABG42972.1	coding	N/A	N/A	N/A	N/A	N/A	N/A
DQ657948.1	251836	C	G	SNV	36.7	PASS	DQ657948.1:1..295146	genic	N/A	N/A	N/A	N/A	N/A	N/A
DQ657948.1	257017	C	T	SNV	38.4	PASS	DQ657948.1:1..295146,CyHV3_ORF149,ABG42976.1	coding	N/A	N/A	N/A	N/A	N/A	N/A
DQ657948.1	257241	A	G	SNV	27.8	PASS	DQ657948.1:1..295146,CyHV3_ORF149,ABG42976.1	coding	N/A	N/A	N/A	N/A	N/A	N/A
DQ657948.1	257840	T	C	SNV	39.6	PASS	DQ657948.1:1..295146,CyHV3_ORF149,ABG42976.1	coding	N/A	N/A	N/A	N/A	N/A	N/A
DQ657948.1	259157	T	C	SNV	32.8	PASS	DQ657948.1:1..295146,CyHV3_ORF150,ABG42977.1	coding	N/A	N/A	N/A	N/A	N/A	N/A
DQ657948.1	259390	T	C	SNV	21.0	PASS	DQ657948.1:1..295146,CyHV3_ORF150,ABG42977.1	coding	N/A	N/A	N/A	N/A	N/A	N/A
DQ657948.1	260228	G	C	SNV	26.1	PASS	DQ657948.1:1..295146,CyHV3_ORF150,ABG42977.1	coding	N/A	N/A	N/A	N/A	N/A	N/A
DQ657948.1	261803	A	C	SNV	27.5	PASS	DQ657948.1:1..295146	genic	N/A	N/A	N/A	N/A	N/A	N/A
DQ657948.1	269539	C	G	SNV	24.7	PASS	DQ657948.1:1..295146,CyHV3_ORF155,ABG42982.1	coding	N/A	N/A	N/A	N/A	N/A	N/A
DQ657948.1	270430	T	G	SNV	24.5	PASS	DQ657948.1:1..295146,CyHV3_ORF155,ABG42982.1	coding	N/A	N/A	N/A	N/A	N/A	N/A
DQ657948.1	270472	T	C	SNV	22.1	PASS	DQ657948.1:1..295146	genic	N/A	N/A	N/A	N/A	N/A	N/A
DQ657948.1	270709	G	T	SNV	28.7	PASS	DQ657948.1:1..295146	genic	N/A	N/A	N/A	N/A	N/A	N/A
DQ657948.1	270713	C	G	SNV	32.8	PASS	DQ657948.1:1..295146	genic	N/A	N/A	2191	0.722	568	1476
DQ657948.1	270714	A	C	SNV	31.1	PASS	DQ657948.1:1..295146	genic	N/A	N/A	N/A	N/A	N/A	N/A
DQ657948.1	272017	G	A	SNV	20.2	PASS	DQ657948.1:1..295146,CyHV3_ORF156,ABG42983.1	coding	N/A	N/A	N/A	N/A	N/A	N/A
